AFG,Afghanistan,Afghan Republic,Afeganistão,Afganistán,Afghanestan,,,,,
ALB,Albania,Albanie,Albània,Albânia,Shqiperia,,,,,
DZA,Algeria,Algérie,Argélia,Algèria,Al Jaza'ir,,,,,
ASM,American Samoa,Samoa Americana,Samoa Américaines,,,,,,,
AND,Andorra,Andorre,,,,,,,,
AGO,Angola,,,,,,,,,
AIA,Anguilla,,,,,,,,,
ATA,Antartica,Antarctique,,,,,,,,
ATG,Antigua & Barbuda,Antigua and Barbuda,Antigua et Barbuda,,,,,,,
ARG,Argentina,Argentine,,,,,,,,
ARM,Armenia,Arménie,,,,,,,,
ABW,Aruba,,,,,,,,,
AUS,Australia,Australie,,,,,,,,
AUT,Austria,Autriche,Österreich,,,,,,,
AZE,Azerbaijan,Azarbaycan,,,,,,,,
BHS,Bahamas,,,,,,,,,
BHR,Bahrain,Bahreïn,Al Bahrayn,,,,,,,
BGD,Bangladesh,,,,,,,,,
BRB,Barbados,Barbade,,,,,,,,
BLR,Belarus,Byelorussian SSR,Bélarus,Byelarus,,,,,,
BEL,Belgium,Belgique,,,,,,,,
BLZ,Belize,,,,,,,,,
BEN,Benin,Dahomey,Bénin,,,,,,,
BMU,Bermuda,Bermudes,,,,,,,,
BTN,Bhutan,Bhoutan,,,,,,,,
COL,Bolivia,Republic of Bolívar,Bolivie,République de Bolivar,,,,,,
BIH,Bosnia & Herzegovina,Bosnia and Herzegovina,Bosnie et Herzégovine,Bosnie Herzégovine,Bosnie & Herzégovine,Bosnia Herzegovina,Bosna i Hercegovina,,,
BWA,Botswana,,,,,,,,,
BVT,Bouvet Island,,,,,,,,,
BRA,Brazil,Brésil,Brasil,,,,,,,
VGB,British Virgin Islands,,,,,,,,,
BRN,Brunei Darussalam,Brunei,Brunéi Darussalam,Brunéi,Negara Brunei Darussalam,,,,,
BGR,Bulgaria,Bulgarie,,,,,,,,
BFA,Burkina Faso,Haute-Volta,Haute Volta,Upper Volta,,,,,,
BDI,Burundi,,,,,,,,,
KHM,Cambodia,Kampuchea,Khmer Republic,Cambodge,,,,,,
CMR,Cameroon,Cameroun,,,,,,,,
CAN,Canada,,,,,,,,,
CPV,Cape Verde,Cabo Verde,Cap Vert,Cap-Vert,,,,,,
CYM,Cayman Islands,Iles Caiman,Iles Caïmanes,Iles Caïman,,,,,,
CAR,Central African Republic,République Centrafricaine,,,,,,,,
TCD,Chad,Tchad,,,,,,,,
CHI,Channel Islands,,,,,,,,,
CHL,Chile,Chili,,,,,,,,
CHN,China,Chine,Zhong Guo,,,,,,,
COL,Colombia,Colombie,,,,,,,,
COM,Comoros,Comores,,,,,,,,
COK,Cook Islands,Iles Cook,,,,,,,,
CRI,Costa Rica,,,,,,,,,
HRV,Croatia,Hrvatska,Croatie,,,,,,,
CUB,Cuba,,,,,,,,,
CUW,Curaçao,,,,,,,,,
CYP,Cyprus,Chypre,Kypros,Kibris,,,,,,
CZE,Czech Republic,Czechia,République Tchèque,Tchéquie,Ceska Republika,,,,,
CSK,Czechoslovakia,Czechoslovak Republic,Tchécoslovaquie,République socialiste tchécoslovaque,République tchécoslovaque,,,,,
COD,Democratic Republic of the Congo,"Congo, DR",Zaire, Congo belge,République démocratique du Congo,"Congo, DRC","Congo, Dem. Rep.",,,
DNK,Denmark,Danmark,Danemark,,,,,,,
DJI,Djibouti,Territory of the Afars and the Issas,Territoire des Afars et des Issas,French Afars and Issas,,,,,,
DMA,Dominica,Dominique,,,,,,,,
DOM,Dominican Republic,République dominicaine,Republica Dominicana,,,,,,,
ECU,Ecuador,Equateur,,,,,,,,
EGY,Egypt,Egypte,,,,,,,,
SLV,El Salvador,,,,,,,,,
GNQ,Equatorial Guinea,Guinée Equatoriale,Guinea Ecuatorial,,,,,,,
ERI,Eritrea,Erythrée,Hagere Ertra,,,,,,,
EST,Estonia,Estonie,Eesti Vabariik,,,,,,,
SWZ,Swaziland,Eswatini,,,,,,,,
ETH,Ethiopia,Ethiopie,Ityop'iya,,,,,,,
FLK,Falkland Islands,Falklands,Malvinas,,,,,,,
FRO,Faroes Islands,Feroe,Foroyar,Féroé,,,,,,
FJI,Fiji,Fidji,,,,,,,,
FIN,Finland,Suomi ,Finlande,Suomen Tasavalta,,,,,,
FRA,France,,,,,,,,,
GUF,French Guiana,French Guyana,Guyane Française,,,,,,,
PYF,French Polynesia,Polynésie française,,,,,,,,
GAB,Gabon,Gabonese Republic,,,,,,,,
GMB,Gambia,Gambie,,,,,,,,
GEO,Georgia,Georgie,Géorgie,Sak'art'velo,,,,,,
DEU,Germany,Deutschland,Allemagne,,,,,,,
GHA,Ghana,,,,,,,,,
GIB,Gibraltar,,,,,,,,,
GRC,Greece,Grèce,Ellas,Ellada,,,,,,
GRL,Greenland,Groenland,Kalaallit Nunaat,,,,,,,
GRD,Grenada,Grenade,,,,,,,,
GLP,Guadeloupe,,,,,,,,,
GUM,Guam,,,,,,,,,
GTM,Guatemala,,,,,,,,,
GGY,Guernsey,,,,,,,,,
GIN,Guinea,Guinée,Guinee,,,,,,,
GNB,Guinea-Bissau,Guinea Bissau,Guinee Bissau,Guinée Bissau,Guine-Bissau,Guinée-Bissau,Guinee-Bissau,,,
GUY,Guyana,Guyane,,,,,,,,
HTI,Haiti,,,,,,,,,
HND,Honduras,,,,,,,,,
HKG,"Hong Kong SAR, China","Hong Kong, China","Hong Kong,China",Hong Kong,Xianggang,,,,,
HUN,Hungary,Hongrie,Magyarorszag,,,,,,,
ISL,Iceland,Islande,Lyoveldio Island,,,,,,,
IND,India,Inde,Bharat,,,,,,,
IDN,Indonesia,Indonésie,,,,,,,,
IRN,Iran,,,,,,,,,
IRQ,Iraq,Irak,,,,,,,,
IRL,Ireland ,Eire,Irlande,,,,,,,
IMN,Isle of Man,,,,,,,,,
ISR,Israel,Yisra'el, Israël,,,,,,,
ITA,Italy,Italie,Italia,,,,,,,
CIV,Ivory Coast,Cote d'Ivoire,Côte d'Ivoire,,,,,,,
JAM,Jamaica,Jamaique,,,,,,,,
JPN,Japan,Nippon,Japon,,,,,,,
JEY,Jersey,,,,,,,,,
JOR,Jordan,Jordanie,Al Urdun,,,,,,,
KAZ,Kazakhstan,Qazaqstan,Kazakstan,,,,,,,
KEN,Kenya,,,,,,,,,
KIR,Kiribati,Kiribas,,,,,,,,
KNA,Saint Kitts and Nevis,Saint Kitts & Nevis,St Kitts & Nevis,Federation of Saint Christopher and Nevis,Saint Christopher and Nevis,Saint Kitts-Nevis-Anguilla, Saint Christopher-Nevis-Anguilla,Saint Kitts et Nevis,St Kitts et Nevis,
XKX,Kosovo,Kosova,Kosovë,,,,,,,
KWT,Kuwait,Koweit,Al Kuwayt,Koweït,,,,,,
KGZ,Kyrgyz Republic,Kyrgyzstan,République Kyrgyze,Kirghizistan,Kyrgyz Respublikasy,,,,,
LAO,Laos,"Lao, PDR",Lao,,,,,,,
LVA,Latvia,Latvie,Lettonie,Latvija,,,,,,
LBN,Lebanon,Liban,Lubnan,,,,,,,
LSO,Lesotho,Basutoland ,,,,,,,,
LBR,Liberia,Libéria,,,,,,,,
LBY,Libya,Libye,Libiyah,,,,,,,
LIE,Liechtenstein,,,,,,,,,
LTU,Lithuania,Lithuanie,Lietuva,Lituanie,,,,,,
LUX,Luxembourg,Letzebuerg,,,,,,,,
MAC,Macau,Macao,,,,,,,,
MDG,Madagascar,,,,,,,,,
MWI,Malawi,Nyasaland,,,,,,,,
MYS,Malaysia,Malaisie,,,,,,,,
MDV,Maldives,Maldive Islands,,,,,,,,
MLI,Mali,,,,,,,,,
MLT,Malta,Malte,,,,,,,,
MHL,Marshall Islands,Iles Marshall,,,,,,,,
MTQ,Martinique,,,,,,,,,
MRT,Mauritania,Mauritanie,Muritaniyah,,,,,,,
MUS,Mauritius,Ile Maurice,Iles Maurice,,,,,,,
MYT,Mayotte,,,,,,,,,
MEX,Mexico,United Mexican States,Mexique,Etats-Unis Mexicains,Etats Unis Mexicains,Estados Unidos Mexicanos,,,,
FSM,Micronesia,Micronésie,Etats Fédérés de Micronésie,,,,,,,
MDA,Moldova,Moldavie,,,,,,,,
MCO,Monaco,,,,,,,,,
MNG,Mongolia,Mongolie,Mongol Uls,,,,,,,
MNE,Montenegro,Monténégro,Crna Gora,,,,,,,
MSR,Montserrat,,,,,,,,,
MAR,Morocco,Maroc,Al Maghrib,,,,,,,
MOZ,Mozambique,Mocambique,,,,,,,,
MMR,Myanmar,Burma,Birmanie,Myanma Naingngandaw,,,,,,
NAM,Namibia,Namibie,,,,,,,,
NRU,Nauru,,,,,,,,,
NPL,Nepal,Népal,,,,,,,,
NLD,Netherlands,Holland,Hollande,Pays-Bas,Nederland,,,,,
NCL,New Caledonia,Nouvelle Caledonie,Nouvelle-Calédonie,Nouvelle-Caledonie,,,,,,
NZL,New Zealand,Nouvelle-Zélande,Aotearoa,,,,,,,
NIC,Nicaragua,,,,,,,,,
NER,Niger,,,,,,,,,
NGA,Nigeria,Nigéria,,,,,,,,
NIU,Niue,Nioué,,,,,,,,
NFK,Norfolk Island,Norfolk,,,,,,,,
PRK,"Korea, Democratic Republic of",North Korea,DPRK,Democratic Republic of Korea,D.P.R.K.,"Korea, Dem. Rep.","Korea, DR","Korea, D.R.",Corée du Nord,Choson
MNP,Northern Mariana Islands,Mariannes du Nord,,,,,,,,
NOR,Norway,Norvège,Norge,,,,,,,
OMN,Oman,,Saltanat Uman,,,,,,,
PIC,Pacific Islands,PICTS,Iles du Pacifique,,,,,,,
PAK,Pakistan,,,,,,,,,
PLW,Palau,Palaos,Belau,,,,,,,
PAN,Panama,,,,,,,,,
PNG,Papua New Guinea,Papouasie Nouvelle Guinée,Papouasie-Nouvelle-Guinée,PNG,Papua Niu Gini,,,,,
PRY,Paraguay,,,,,,,,,
COG,People's Republic Congo,"Congo, PR",Congo Brazzaville, French Congo,Republic of the Congo,République du Congo,"Congo, Rep.",Republic of Congo,"Congo, Rep",
PER,Peru,Pérou,,,,,,,,
PHL,Philippines,Philippine Islands,Pilipinas,,,,,,,
PCN,Pitcairn Islands,Pitcairn,,,,,,,,
POL,Poland,Pologne,Polska,,,,,,,
PRT,Portugal,Portuguese Republic,,,,,,,,
PRI,Puerto Rico,Porto Rico,,,,,,,,
QAT,Qatar,Katar,Dawlat Qatar,,,,,,,
MKD,Republic of Macedonia,FYROM,Macedonia,Macédoine,,,,,,
REU,Reunion Island,,,,,,,,,
ROU,Romania,Roumanie,,,,,,,,
RUS,Russian Federation,Russia,Russie,Fédération Russe,Rossiya,,,,,
RWA,Rwanda,Rwandese Republic,République Rwandaise,,,,,,,
BLM,Saint Barthélemy,,,,,,,,,
SHN,Saint Helena,"Saint Helena, Ascension and Tristan da Cunha",St Helena,,,,,,,
LCA,Saint Lucia,Sainte Lucie,St Lucia,St. lucia,St Lucie,,,,,
MAF,Saint Martin,,,,,,,,,
SPM,Saint Pierre et Miquelon,,,,,,,,,
WSM,Samoa,,,,,,,,,
SMR,San Marino,Saint Marin,Saint-Marin,,,,,,,
STP,Sao Tome and Principe,Sao Tome & Principe,Sao Tome,Sao Tome et Principe,Sao Tome e Principe,Sao Tomé-et-Principe,,,,
SAU,Saudi Arabia,Arabie Saoudite,Al Arabiyah as Suudiyah,,,,,,,
SEN,Senegal,Sénégal,,,,,,,,
SRB,Serbia,Serbie,République Serbe,Srbija,,,,,,
SYC,Seychelles,,,,,,,,,
SLE,Sierra Leone,,,,,,,,,
SGP,Singapore,Singapour,,,,,,,,
SXM,Sint Marteen,,,,,,,,,
SVK,Slovak Republic,Slovakia,Slovaquie,République Slovaque,Slovensko,,,,,
SVN,Slovenia,Slovénie,Slovenija,,,,,,,
SLB,Solomon Islands,Iles Salomon,,,,,,,,
SOM,Somalia,Somalie,,,,,,,,
ZAF,South Africa,Afrique du Sud,,,,,,,,
KOR,"Korea, Republic of (South Korea)",South Korea,Republic of Korea ,R.O.K.,Corée du Sud,Han-guk,"Corée, République Populaire Démocratique",République Populaire Démocratique de Corée,,
SSD,South Sudan,Soudan du Sud,Sud Soudan,,,,,,,
ESP,Spain,Espagne,España,,,,,,,
LKA,Sri Lanka,Ceylon ,Ceylan,,,,,,,
SDN,Sudan,Soudan,As-Sudan,,,,,,,
SUR,Suriname,Surinam,,,,,,,,
SWE,Sweden,Suède,,,,,,,,
CHE,Switzerland,Swiss Confederation,Suisse,Schweiz,Svizzera,,,,,
SYR,Syria,Syrie,Syrian Arab Republic,Syrian Arab Rep.,Suriyah,République Arabe Syrienne,,,,
TPE,Taiwan,Taipei,Formose,,,,,,,
TJK,Tajikistan,Tadjikistan,Jumhurii Tojikiston,,,,,,,
TZA,Tanzania,Tanzanie,,,,,,,,
THA,Thailand,Siam,Thailande,Prathet Thai,,,,,,
TLS,Timor Leste,East Timor,Timor Est,,,,,,,
TGO,Togo,Republique Togolaise,,,,,,,,
TON,Tonga,,,,,,,,,
TTO,Trinidad & Tobago,Trinidad and Tobago,Trinidad et Tobago,Trinité-et-Tobago,Trinité et Tobago,,,,,
TUN,Tunisia,Tunisie,,,,,,,,
TUR,Turkey,Turquie,Turkiye,,,,,,,
TKM,Turkmenistan,Turkménistan,,,,,,,,
TCA,Turks & Caicos,Turks and Caicos,Turks et Caicos,,,,,,,
TUV,Tuvalu,,,,,,,,,
UGA,Uganda,Ouganda,,,,,,,,
UKR,Ukraine,Ukrayina,,,,,,,,
ARE,United Arab Emirates,UAE,U.A.E.,Emirats Arabes Unis,Al Imarat al Arabiyah al Muttahidah,,,,,
GBR,Great Britain,United Kingdom,Royaume Uni,Royaume-Uni,Grande Bretagne,Grande-Bretagne,,,,
USA,United States of America,USA,U.S.,U.S.A.,Etats-Unis,,,,,
URY,Uruguay,,,,,,,,,
UZB,Uzbekistan,Ouzbékistan,Uzbekiston Respublikasi,,,,,,,
VUT,Vanuatu,New Hebrides,,,,,,,,
VAT,Vatican,Saint-Siège,Status Civitatis Vaticanæ,,,,,,,
VEN,Venezuela,Vénézuela,,,,,,,,
VNM,Vietnam,Viet Nam,Viêt Nam,,,,,,,
VCT,Saint Vincent's & Grenadines,Saint Vincent's and Grenadines,Saint Vincent & Grenadines,Saint Vincent & the Grenadines,Saint Vincent and the Grenadines,Saint Vincent et Grenadines,St Vincent et Grenadines,St Vincent & Grenadines,St Vincent and Grenadines,St Vincent and the Grenadines
VIR,Virgin Islands,Iles Vierges,,,,,,,,
PSE,West Bank and Gaza,West Bank & Gaza,,,,,,,,
ESH,Western Sahara,Sahara Occidental,A?-?a?r?’ al-Gharb?yah,,,,,,,
YEM,Yemen,Yémen,Al Yaman,,,,,,,
YUG,Yougoslavia,Yougoslavie,,,,,,,,
ZMB,Zambia,Zambie,,,,,,,,
ZWE,Zimbabwe,Rhodesia ,Rhodésie,Southern Rhodesia,,,,,,
